{"initial_reset_timestamp": 1608131312.475431, "timestamps": [1608131378.6011965], "episode_lengths": [1636], "episode_rewards": [21.0], "episode_types": ["t"]}